<?xml version="1.0" encoding="UTF-8"?>
<!DOCTYPE mapper
        PUBLIC "-//mybatis.org//DTD Mapper 3.0//EN"
        "http://mybatis.org/dtd/mybatis-3-mapper.dtd">
<mapper namespace="com.aoyou.demo.dao.IUserDao">

    <insert id="add" parameterType="user">
        INSERT INTO
        `users`(`name`,`age`,`sex`,`address`)
        VALUES
        (#{name},#{age},#{sex},#{address})
    </insert>

    <delete id="delete">
        delete from users where id = #{id}
    </delete>

    <select id="findAll" resultType="user">
        select * from users
    </select>

    <select id="findById" resultType="user">
        select * from users where id = #{id}
    </select>

    <select id="findByName" resultType="user">
        select * from users where name like concat(concat('%',#{name}),'%')
    </select>

    <update id="update">
        update users set name=#{name},age=#{age},sex=#{sex},address=#{address} where users.id=#{id}
    </update>
</mapper>
